Source,Destination,Alt Text
https://lptv.flywheelsites.com/faq/,https://lptv.flywheelsites.com/wp-content/uploads/faq_usa_embossed1.gif,
https://lptv.flywheelsites.com/faq/,https://lptv.flywheelsites.com/wp-content/uploads/faq_frame_back.jpg,
https://lptv.flywheelsites.com/the-platemaker-app/,https://lptv.flywheelsites.com/wp-content/uploads/platemaker_2.gif,
https://lptv.flywheelsites.com/corporate-identity/,https://lptv.flywheelsites.com/wp-content/uploads/rever-casino.png,
https://lptv.flywheelsites.com/blog/,https://lptv.flywheelsites.com/wp-content/uploads/Rhode-Island-Plate-7-on-Car.jpg,
https://lptv.flywheelsites.com/faq/,https://lptv.flywheelsites.com/wp-content/uploads/faq_acrylic.gif,
https://lptv.flywheelsites.com/faq/,https://lptv.flywheelsites.com/wp-content/uploads/faq_frames_diamond.gif,
https://lptv.flywheelsites.com/faq/,https://lptv.flywheelsites.com/wp-content/uploads/faq_real_holland.gif,
https://lptv.flywheelsites.com/faq/,https://lptv.flywheelsites.com/wp-content/uploads/faq_caps.jpg,
https://lptv.flywheelsites.com/the-platemaker-app/,https://lptv.flywheelsites.com/wp-content/uploads/platemaker_3.gif,
https://lptv.flywheelsites.com/faq/,https://lptv.flywheelsites.com/wp-content/uploads/faq_real_ny.gif,
https://lptv.flywheelsites.com/faq/,https://lptv.flywheelsites.com/wp-content/uploads/faq_real_swiss.gif,
https://lptv.flywheelsites.com/faq/,https://lptv.flywheelsites.com/wp-content/uploads/faq_usaplates1.gif,
https://lptv.flywheelsites.com/faq/,https://lptv.flywheelsites.com/wp-content/uploads/faq_euro_embossed.gif,
https://lptv.flywheelsites.com/faq/,https://lptv.flywheelsites.com/wp-content/uploads/faq_real_japan.gif,
https://lptv.flywheelsites.com/faq/,https://lptv.flywheelsites.com/wp-content/uploads/faq_sleek_frames.gif,
https://lptv.flywheelsites.com/faq/,https://lptv.flywheelsites.com/wp-content/uploads/faq_real_gb.gif,
https://lptv.flywheelsites.com/faq/,https://lptv.flywheelsites.com/wp-content/uploads/faq_real_col.gif,
https://lptv.flywheelsites.com/faq/,https://lptv.flywheelsites.com/wp-content/uploads/faq_real_china.gif,
https://lptv.flywheelsites.com/the-platemaker-app/,https://lptv.flywheelsites.com/wp-content/uploads/platemaker_1.gif,
https://lptv.flywheelsites.com/faq/,https://lptv.flywheelsites.com/wp-content/uploads/faq_real_germany.gif,
https://lptv.flywheelsites.com/faq/,https://lptv.flywheelsites.com/wp-content/uploads/faq_european.gif,
https://lptv.flywheelsites.com/faq/,https://lptv.flywheelsites.com/wp-content/uploads/faq_real_france.gif,
https://lptv.flywheelsites.com/faq/,https://lptv.flywheelsites.com/wp-content/uploads/faq_frames_laser.gif,
https://lptv.flywheelsites.com/faq/,https://lptv.flywheelsites.com/wp-content/uploads/faq_real_italy.gif,
https://lptv.flywheelsites.com/installation-guide/license-plate-frames-4-hole/,https://lptv.flywheelsites.com/wp-content/uploads/installation-guide-4-hole-plate-holder-step1.jpg,
https://lptv.flywheelsites.com/installation-guide/european-plate-installation/,https://lptv.flywheelsites.com/wp-content/uploads/installation-guide-step2-image.jpg,
https://lptv.flywheelsites.com/installation-guide/european-plate-installation/,https://lptv.flywheelsites.com/wp-content/uploads/installation-guide-step3-image2.jpg,
https://lptv.flywheelsites.com/installation-guide/european-plate-installation/,https://lptv.flywheelsites.com/wp-content/uploads/license-plate-holder-step4-image3.jpg,
https://lptv.flywheelsites.com/installation-guide/auto-brand-plate-installation/,https://lptv.flywheelsites.com/wp-content/uploads/auto-brand-installation-step1.jpg,
https://lptv.flywheelsites.com/installation-guide/auto-brand-plate-installation/,https://lptv.flywheelsites.com/wp-content/uploads/screws-image.jpg,
https://lptv.flywheelsites.com/installation-guide/european-plate-installation/,https://lptv.flywheelsites.com/wp-content/uploads/installation-guide-step4-image3.jpg,
https://lptv.flywheelsites.com/installation-guide/license-plate-frames-4-hole/,https://lptv.flywheelsites.com/wp-content/uploads/installation-guide-4-hole-plate-holder-step4.jpg,
https://lptv.flywheelsites.com/installation-guide/european-plate-installation/,https://lptv.flywheelsites.com/wp-content/uploads/door-assembly.jpg,
https://lptv.flywheelsites.com/installation-guide/license-plate-frames-2-hole-or-wide-bottom/,https://lptv.flywheelsites.com/wp-content/uploads/installation-guide-2-hole-plate-holder-step1.jpg,
https://lptv.flywheelsites.com/installation-guide/european-plate-installation/,https://lptv.flywheelsites.com/wp-content/uploads/installation-guide-step3-image1.jpg,
https://lptv.flywheelsites.com/installation-guide/european-plate-installation/,https://lptv.flywheelsites.com/wp-content/uploads/black-holder-image.jpg,
https://lptv.flywheelsites.com/installation-guide/european-plate-installation/,https://lptv.flywheelsites.com/wp-content/uploads/license-plate-holder-step1-image1.jpg,
https://lptv.flywheelsites.com/installation-guide/european-plate-installation/,https://lptv.flywheelsites.com/wp-content/uploads/license-plate-holder-step4-image1.jpg,
https://lptv.flywheelsites.com/installation-guide/european-plate-installation/,https://lptv.flywheelsites.com/wp-content/uploads/installation-guide-step4-image2.jpg,
https://lptv.flywheelsites.com/installation-guide/european-plate-installation/,https://lptv.flywheelsites.com/wp-content/uploads/installation-guide-step1-image.jpg,
https://lptv.flywheelsites.com/installation-guide/auto-brand-plate-installation/,https://lptv.flywheelsites.com/wp-content/uploads/auto-brand-installation-step3.jpg,
https://lptv.flywheelsites.com/installation-guide/european-plate-installation/,https://lptv.flywheelsites.com/wp-content/uploads/license-plate-holder-step2-image2.jpg,
https://lptv.flywheelsites.com/installation-guide/european-plate-installation/,https://lptv.flywheelsites.com/wp-content/uploads/main-assembly.jpg,
https://lptv.flywheelsites.com/installation-guide/european-plate-installation/,https://lptv.flywheelsites.com/wp-content/uploads/installation-guide-step3-image3.jpg,
https://lptv.flywheelsites.com/installation-guide/european-plate-installation/,https://lptv.flywheelsites.com/wp-content/uploads/license-plate-holder-step4-image2.jpg,
https://lptv.flywheelsites.com/installation-guide/european-plate-installation/,https://lptv.flywheelsites.com/wp-content/uploads/chrome-holder-image.jpg,
https://lptv.flywheelsites.com/installation-guide/european-plate-installation/,https://lptv.flywheelsites.com/wp-content/uploads/license-plate-holder-step3-image3.jpg,
https://lptv.flywheelsites.com/installation-guide/license-plate-frames-4-hole/,https://lptv.flywheelsites.com/wp-content/uploads/installation-guide-4-hole-plate-holder-step5.jpg,
https://lptv.flywheelsites.com/installation-guide/auto-brand-plate-installation/,https://lptv.flywheelsites.com/wp-content/uploads/auto-brand-installation-step5.jpg,
https://lptv.flywheelsites.com/installation-guide/european-plate-installation/,https://lptv.flywheelsites.com/wp-content/uploads/installation-guide-step3-image.jpg,
https://lptv.flywheelsites.com/installation-guide/license-plate-frames-2-hole-or-wide-bottom/,https://lptv.flywheelsites.com/wp-content/uploads/installation-guide-2-hole-plate-holder-step5.jpg,
https://lptv.flywheelsites.com/installation-guide/european-plate-installation/,https://lptv.flywheelsites.com/wp-content/uploads/installation-guide-step4-image1.jpg,
https://lptv.flywheelsites.com/installation-guide/auto-brand-plate-installation/,https://lptv.flywheelsites.com/wp-content/uploads/auto-brand-installation-step4.jpg,
https://lptv.flywheelsites.com/installation-guide/license-plate-frames-2-hole-or-wide-bottom/,https://lptv.flywheelsites.com/wp-content/uploads/installation-guide-2-hole-plate-holder-step4.jpg,
https://lptv.flywheelsites.com/installation-guide/auto-brand-plate-installation/,https://lptv.flywheelsites.com/wp-content/uploads/screwdriver-image.png,
https://lptv.flywheelsites.com/installation-guide/license-plate-frames-4-hole/,https://lptv.flywheelsites.com/wp-content/uploads/installation-guide-4-hole-plate-holder-step6.jpg,
https://lptv.flywheelsites.com/blog/page/7/,https://lptv.flywheelsites.com/wp-content/uploads/car1-e1704446286756.jpg,
https://lptv.flywheelsites.com/blog/page/7/,https://lptv.flywheelsites.com/wp-content/uploads/ISO-1.jpg,
https://lptv.flywheelsites.com/blog/page/6/,https://lptv.flywheelsites.com/wp-content/uploads/The-McLaren-P1.jpg,
https://lptv.flywheelsites.com/blog/page/6/,https://lptv.flywheelsites.com/wp-content/uploads/P1110303-e1704445892647.jpg,
https://lptv.flywheelsites.com/,https://lptv.flywheelsites.com/wp-content/themes/lptv/images/header-minicart-icon.svg,
https://lptv.flywheelsites.com/,https://lptv.flywheelsites.com/wp-content/uploads/long-arrow.svg,
https://lptv.flywheelsites.com/,https://lptv.flywheelsites.com/wp-content/plugins/ds-cf7-math-captcha/assets/img/icons8-refresh-30.png,
https://lptv.flywheelsites.com/,https://lptv.flywheelsites.com/wp-content/plugins/ds-cf7-math-captcha/assets/img/446bcd468478f5bfb7b4e5c804571392_w200.gif,
https://lptv.flywheelsites.com/blog/,https://lptv.flywheelsites.com/wp-content/themes/lptv/images/blog-date-icon.svg,
https://lptv.flywheelsites.com/blog/,https://lptv.flywheelsites.com/wp-content/themes/lptv/images/blog-author-icon.svg,
https://lptv.flywheelsites.com/philippines-license-plate-7878/,https://lptv.flywheelsites.com/wp-content/uploads/unversal.webp,
https://lptv.flywheelsites.com/japanese-license-plate-sapporo-prefecture-authentic-size-home-of-toyota-lexus-embossed-with-your-customer-number-in-yellow-for-vehicles-under-660-cc/,https://www.licenseplates.tv/images/japanese_size.gif,
https://lptv.flywheelsites.com/detroit_pistons_nba__6099/,https://www.licenseplates.tv/images/nhl_olp.gif,
